{
   "1": {
      "time": 300,
      "objective": -1,
      "distance": 0,
      "solution": [],
      "optimal": false
   },
   "2": {
      "time": 300,
      "objective": -1,
      "distance": 0,
      "solution": [],
      "optimal": false
   },
   "3": {
      "time": 300,
      "objective": -1,
      "distance": 0,
      "solution": [],
      "optimal": false
   },
   "4": {
      "time": 300,
      "objective": -1,
      "distance": 0,
      "solution": [],
      "optimal": false
   }
}