{
   "1": {
      "time": 0,
      "objective": 220,
      "distance": 945,
      "solution": [
         [
            4
         ],
         [
            3
         ],
         [
            9,
            8,
            10
         ],
         [
            1
         ],
         [
            5
         ],
         [
            6
         ],
         [
            7
         ],
         [
            2
         ]
      ],
      "optimal": true
   },
   "2": {
      "time": 1,
      "objective": 220,
      "distance": 963,
      "solution": [
         [
            3
         ],
         [
            8
         ],
         [
            1,
            4
         ],
         [
            9
         ],
         [
            10
         ],
         [
            7
         ],
         [
            2
         ],
         [
            5,
            6
         ]
      ],
      "optimal": true
   },
   "3": {
      "time": 0,
      "objective": 220,
      "distance": 999,
      "solution": [
         [
            8
         ],
         [
            4
         ],
         [
            1,
            2
         ],
         [
            6,
            10
         ],
         [
            9
         ],
         [
            3
         ],
         [
            5
         ],
         [
            7
         ]
      ],
      "optimal": true
   },
   "4": {
      "time": 4,
      "objective": 220,
      "distance": 973,
      "solution": [
         [
            3
         ],
         [
            2
         ],
         [
            7
         ],
         [
            5
         ],
         [
            6
         ],
         [
            8
         ],
         [
            1
         ],
         [
            4,
            10,
            9
         ]
      ],
      "optimal": true
   }
}