{
   "1": {
      "time": 300,
      "objective": 303,
      "distance": 1035,
      "solution": [
         [
            7,
            2
         ],
         [
            9,
            1,
            4,
            3,
            13,
            11,
            14
         ],
         [
            5,
            10
         ],
         [
            16,
            15,
            17
         ],
         [
            8,
            6
         ],
         [
            12
         ]
      ],
      "optimal": false
   },
   "2": {
      "time": 300,
      "objective": 427,
      "distance": 1149,
      "solution": [
         [
            8
         ],
         [
            4
         ],
         [
            3
         ],
         [
            15
         ],
         [
            6,
            1,
            5,
            13,
            7,
            17,
            10,
            11
         ],
         [
            12,
            2,
            9,
            14,
            16
         ]
      ],
      "optimal": false
   },
   "3": {
      "time": 300,
      "objective": 307,
      "distance": 1162,
      "solution": [
         [
            1
         ],
         [
            4
         ],
         [
            7,
            3,
            8,
            14,
            10,
            12,
            15
         ],
         [
            6,
            5,
            9,
            13,
            17
         ],
         [
            2,
            11
         ],
         [
            16
         ]
      ],
      "optimal": false
   },
   "4": {
      "time": 300,
      "objective": 312,
      "distance": 1111,
      "solution": [
         [
            7,
            5
         ],
         [
            4,
            11,
            16,
            12
         ],
         [
            10
         ],
         [
            14
         ],
         [
            15,
            1,
            13
         ],
         [
            17,
            2,
            9,
            3,
            8,
            6
         ]
      ],
      "optimal": false
   }
}