{
   "1": {
      "time": 2,
      "objective": 436,
      "distance": 1916,
      "solution": [
         [
            8
         ],
         [
            9
         ],
         [
            12
         ],
         [
            1
         ],
         [
            13
         ],
         [
            3
         ],
         [
            5
         ],
         [
            7
         ],
         [
            2,
            6,
            4,
            11
         ],
         [
            10
         ]
      ],
      "optimal": true
   },
   "2": {
      "time": 3,
      "objective": 436,
      "distance": 2004,
      "solution": [
         [
            4
         ],
         [
            7
         ],
         [
            2
         ],
         [
            6
         ],
         [
            9
         ],
         [
            12
         ],
         [
            3
         ],
         [
            8
         ],
         [
            13
         ],
         [
            1,
            5,
            11,
            10
         ]
      ],
      "optimal": true
   },
   "3": {
      "time": 4,
      "objective": 436,
      "distance": 1991,
      "solution": [
         [
            4
         ],
         [
            9
         ],
         [
            1,
            13,
            2,
            10
         ],
         [
            3
         ],
         [
            5
         ],
         [
            11
         ],
         [
            7
         ],
         [
            8
         ],
         [
            12
         ],
         [
            6
         ]
      ],
      "optimal": true
   },
   "4": {
      "time": 6,
      "objective": 436,
      "distance": 1885,
      "solution": [
         [
            7
         ],
         [
            6
         ],
         [
            1
         ],
         [
            9
         ],
         [
            5
         ],
         [
            11
         ],
         [
            10,
            12
         ],
         [
            3
         ],
         [
            8
         ],
         [
            2,
            4,
            13
         ]
      ],
      "optimal": true
   }
}