{
   "1": {
      "time": 0,
      "optimal": true,
      "obj": 14.0,
      "solution": [
         [
            1,
            3,
            4
         ],
         [
            2,
            5,
            6
         ]
      ]
   },
   "2": {
      "time": 0,
      "optimal": true,
      "obj": 14.0,
      "solution": [
         [
            1,
            3,
            4
         ],
         [
            2,
            5,
            6
         ]
      ]
   },
   "3": {
      "time": 0,
      "optimal": true,
      "obj": 14.0,
      "solution": [
         [
            1,
            3,
            4
         ],
         [
            2,
            5,
            6
         ]
      ]
   },
   "4": {
      "time": 0,
      "optimal": true,
      "obj": 14.0,
      "solution": [
         [
            1,
            3,
            4
         ],
         [
            2,
            5,
            6
         ]
      ]
   },
   "5": {
      "time": 0,
      "optimal": true,
      "obj": 14.0,
      "solution": [
         [
            1,
            3,
            4
         ],
         [
            2,
            5,
            6
         ]
      ]
   }
}