{
   "1": {
      "time": 0,
      "optimal": true,
      "obj": 244.0,
      "solution": [
         [
            8
         ],
         [
            6
         ],
         [
            3
         ],
         [
            12
         ],
         [
            2
         ],
         [
            1
         ],
         [
            13,
            11
         ],
         [
            5
         ],
         [
            7,
            9
         ],
         [
            4,
            10
         ]
      ]
   },
   "2": {
      "time": 0,
      "optimal": true,
      "obj": 244.0,
      "solution": [
         [
            8
         ],
         [
            6
         ],
         [
            3
         ],
         [
            12
         ],
         [
            2
         ],
         [
            1
         ],
         [
            13,
            11
         ],
         [
            5
         ],
         [
            7,
            9
         ],
         [
            4,
            10
         ]
      ]
   },
   "3": {
      "time": 14,
      "optimal": true,
      "obj": 244.0,
      "solution": [
         [
            5
         ],
         [
            2
         ],
         [
            11,
            1
         ],
         [
            7
         ],
         [
            13
         ],
         [
            6
         ],
         [
            8
         ],
         [
            9
         ],
         [
            4,
            10,
            3
         ],
         [
            12
         ]
      ]
   },
   "4": {
      "time": 13,
      "optimal": true,
      "obj": 244.0,
      "solution": [
         [
            5
         ],
         [
            3
         ],
         [
            10
         ],
         [
            7
         ],
         [
            4
         ],
         [
            2,
            13
         ],
         [
            8,
            1
         ],
         [
            9
         ],
         [
            11,
            6
         ],
         [
            12
         ]
      ]
   },
   "5": {
      "time": 0,
      "optimal": true,
      "obj": 244.0,
      "solution": [
         [
            9,
            2
         ],
         [
            5
         ],
         [
            11
         ],
         [
            7,
            3
         ],
         [
            12
         ],
         [
            4
         ],
         [
            10
         ],
         [
            6,
            1
         ],
         [
            13
         ],
         [
            8
         ]
      ]
   }
}