{
   "1": {
      "time": 300,
      "optimal": false,
      "obj": "Inf",
      "solution": []
   },
   "2": {
      "time": 300,
      "optimal": false,
      "obj": "Inf",
      "solution": []
   },
   "3": {
      "time": 300,
      "optimal": false,
      "obj": "Inf",
      "solution": []
   },
   "4": {
      "time": 300,
      "optimal": false,
      "obj": "Inf",
      "solution": []
   },
   "5": {
      "time": 300,
      "optimal": false,
      "obj": "Inf",
      "solution": []
   }
}