{
   "1": {
      "time": 300,
      "optimal": false,
      "obj": 593.0,
      "solution": [
         [
            12
         ],
         [
            14,
            40,
            21,
            63,
            62
         ],
         [
            9,
            59,
            47,
            49,
            36,
            31,
            34,
            56
         ],
         [
            57,
            74,
            50,
            61
         ],
         [
            82,
            13,
            8,
            2
         ],
         [
            75,
            24,
            42,
            22
         ],
         [
            76,
            66,
            94,
            70,
            28,
            52
         ],
         [
            1,
            46,
            38,
            78,
            54,
            51,
            81
         ],
         [
            71,
            77,
            88
         ],
         [
            37,
            89,
            87,
            26,
            29,
            7,
            58,
            86,
            45,
            95
         ],
         [
            72,
            6,
            84,
            85
         ],
         [
            91,
            23,
            39,
            64
         ],
         [
            16,
            17,
            19,
            35,
            68,
            27,
            93
         ],
         [
            32,
            48,
            3,
            18
         ],
         [
            4,
            90,
            44,
            83,
            41
         ],
         [
            11,
            60,
            69,
            67,
            80
         ],
         [
            73,
            33
         ],
         [
            30,
            25,
            5
         ],
         [
            79,
            65,
            20,
            53,
            43,
            92,
            55
         ],
         [
            10,
            15
         ]
      ]
   },
   "2": {
      "time": 300,
      "optimal": false,
      "obj": 1302.0,
      "solution": [
         [
            23
         ],
         [
            70,
            16,
            50,
            89,
            67,
            47,
            38,
            30,
            53,
            4,
            46,
            8
         ],
         [
            39,
            26,
            7
         ],
         [
            9,
            78,
            69
         ],
         [
            49,
            59,
            57,
            5,
            27,
            52,
            81,
            10
         ],
         [
            41,
            1,
            42,
            91,
            64,
            82,
            66,
            14,
            80,
            56,
            77,
            18,
            90,
            15
         ],
         [
            88,
            85
         ],
         [
            71,
            21
         ],
         [
            60
         ],
         [
            12,
            93,
            29,
            73,
            75
         ],
         [
            51,
            24,
            86,
            76
         ],
         [
            17
         ],
         [
            61,
            33,
            58,
            13,
            36,
            84,
            28
         ],
         [
            2,
            83,
            92,
            95
         ],
         [
            19,
            74,
            68,
            22,
            94,
            32,
            63,
            55,
            43,
            62
         ],
         [
            20,
            25
         ],
         [
            45,
            6,
            37,
            79
         ],
         [
            72,
            35,
            54,
            48
         ],
         [
            3,
            34,
            31,
            65
         ],
         [
            87,
            11,
            44,
            40
         ]
      ]
   },
   "3": {
      "time": 300,
      "optimal": false,
      "obj": "Inf",
      "solution": []
   },
   "4": {
      "time": 300,
      "optimal": false,
      "obj": "Inf",
      "solution": []
   },
   "5": {
      "time": 300,
      "optimal": false,
      "obj": 1109.0,
      "solution": [
         [
            94,
            57,
            86,
            34,
            56,
            31,
            46,
            9
         ],
         [
            18
         ],
         [
            36,
            30,
            81,
            64,
            77,
            52
         ],
         [
            67
         ],
         [
            59,
            35
         ],
         [
            14,
            43
         ],
         [
            83,
            63,
            29,
            32,
            60,
            75,
            5
         ],
         [
            82,
            66,
            33,
            72,
            27,
            93,
            88,
            6
         ],
         [
            84,
            87,
            1,
            19,
            54,
            21,
            24
         ],
         [
            65,
            50
         ],
         [
            85
         ],
         [
            55,
            39,
            69,
            15,
            20,
            37,
            16,
            51
         ],
         [
            11,
            91,
            68,
            44,
            10
         ],
         [
            28
         ],
         [
            3,
            25,
            42,
            71,
            92,
            4,
            47
         ],
         [
            8,
            40,
            62,
            22,
            26,
            7,
            74,
            45,
            38,
            79
         ],
         [
            49,
            41,
            23,
            58
         ],
         [
            89,
            95,
            2
         ],
         [
            12,
            70,
            76,
            80,
            48,
            61,
            90,
            17
         ],
         [
            73,
            53,
            13,
            78
         ]
      ]
   }
}