{
   "1": {
      "time": 300,
      "optimal": false,
      "obj": 488.0,
      "solution": [
         [
            7,
            22,
            45,
            10,
            32,
            44,
            26,
            15,
            25,
            18,
            17,
            40,
            47,
            24,
            21,
            12,
            38,
            31
         ],
         [
            36,
            23,
            2,
            30,
            39,
            43,
            42,
            46,
            9,
            41,
            27,
            6,
            3,
            11,
            37
         ],
         [
            4,
            14,
            28,
            16,
            20,
            1,
            29,
            5,
            8,
            13,
            33,
            19,
            34,
            35
         ]
      ]
   },
   "2": {
      "time": 300,
      "optimal": false,
      "obj": 468.0,
      "solution": [
         [
            44,
            32,
            39,
            43,
            42,
            46,
            10,
            34,
            45,
            3,
            6,
            27,
            22,
            11,
            9,
            35,
            37,
            7,
            41
         ],
         [
            31,
            23,
            15,
            26,
            18,
            17,
            25,
            40,
            12,
            21,
            47,
            2,
            30,
            24,
            38
         ],
         [
            36,
            29,
            5,
            8,
            13,
            33,
            20,
            19,
            4,
            1,
            16,
            28,
            14
         ]
      ]
   },
   "3": {
      "time": 300,
      "optimal": false,
      "obj": 602.0,
      "solution": [
         [
            46,
            42,
            38,
            12,
            21,
            24,
            47,
            30,
            25,
            29,
            20,
            33,
            13,
            8,
            5,
            1,
            28,
            14
         ],
         [
            44,
            39,
            43,
            2,
            26,
            18,
            40,
            15,
            6,
            34,
            45,
            32,
            41,
            37,
            31,
            36
         ],
         [
            9,
            35,
            10,
            22,
            19,
            4,
            16,
            17,
            23,
            7,
            27,
            3,
            11
         ]
      ]
   },
   "4": {
      "time": 300,
      "optimal": false,
      "obj": 744.0,
      "solution": [
         [
            31,
            36,
            16,
            28,
            4,
            14,
            1,
            26,
            23,
            30,
            38,
            40,
            7,
            42,
            12,
            21,
            24,
            47,
            46,
            34
         ],
         [
            5,
            8,
            13,
            33,
            29,
            37,
            32,
            44,
            27,
            6,
            18,
            17,
            15
         ],
         [
            22,
            45,
            10,
            11,
            19,
            20,
            41,
            35,
            9,
            25,
            3,
            43,
            39,
            2
         ]
      ]
   },
   "5": {
      "time": 300,
      "optimal": false,
      "obj": 398.0,
      "solution": [
         [
            35,
            9,
            42,
            46,
            43,
            39,
            30,
            47,
            24,
            21,
            12,
            38,
            40,
            15,
            2,
            44,
            32
         ],
         [
            7,
            37,
            34,
            11,
            10,
            45,
            6,
            3,
            27,
            22,
            19,
            4,
            1,
            14,
            28,
            41
         ],
         [
            31,
            23,
            25,
            18,
            17,
            5,
            29,
            8,
            13,
            33,
            20,
            16,
            26,
            36
         ]
      ]
   }
}