{
   "1": {
      "time": 5,
      "optimal": true,
      "obj": 286.0,
      "solution": [
         [
            26,
            28,
            29
         ],
         [
            30
         ],
         [
            20
         ],
         [
            34,
            2,
            7,
            3
         ],
         [
            31,
            1,
            19
         ],
         [
            6,
            45
         ],
         [
            33,
            16
         ],
         [
            37
         ],
         [
            36,
            21,
            38,
            35
         ],
         [
            4,
            5
         ],
         [
            46
         ],
         [
            44,
            47
         ],
         [
            32,
            18,
            17,
            9
         ],
         [
            23,
            8,
            14
         ],
         [
            40,
            11
         ],
         [
            15,
            22,
            10,
            39
         ],
         [
            13
         ],
         [
            41,
            24,
            43,
            12
         ],
         [
            25
         ],
         [
            42,
            27
         ]
      ]
   },
   "2": {
      "time": 5,
      "optimal": true,
      "obj": 286.0,
      "solution": [
         [
            3
         ],
         [
            23,
            20
         ],
         [
            7
         ],
         [
            6
         ],
         [
            26,
            17,
            18
         ],
         [
            22,
            46
         ],
         [
            10
         ],
         [
            31
         ],
         [
            30,
            27
         ],
         [
            24,
            42,
            38,
            25,
            44
         ],
         [
            13,
            36
         ],
         [
            40
         ],
         [
            12
         ],
         [
            41,
            9,
            47,
            21,
            39
         ],
         [
            45,
            2,
            43
         ],
         [
            5,
            16
         ],
         [
            37,
            28,
            29,
            8,
            14
         ],
         [
            32,
            34,
            15,
            11
         ],
         [
            35,
            4,
            1,
            33
         ],
         [
            19
         ]
      ]
   },
   "3": {
      "time": 300,
      "optimal": false,
      "obj": "Inf",
      "solution": []
   },
   "4": {
      "time": 300,
      "optimal": false,
      "obj": "Inf",
      "solution": []
   },
   "5": {
      "time": 195,
      "optimal": true,
      "obj": 286.0,
      "solution": [
         [
            4,
            1,
            26,
            23,
            44,
            34
         ],
         [
            8,
            5,
            29,
            7
         ],
         [
            12
         ],
         [
            15,
            14
         ],
         [
            11,
            41
         ],
         [
            13,
            33
         ],
         [
            47
         ],
         [
            28,
            18
         ],
         [
            16
         ],
         [
            35,
            46,
            22
         ],
         [
            45,
            10,
            38,
            30,
            32
         ],
         [
            39
         ],
         [
            19
         ],
         [
            27
         ],
         [
            20,
            2,
            36
         ],
         [
            3,
            6
         ],
         [
            25
         ],
         [
            24,
            31,
            21
         ],
         [
            9,
            43,
            37,
            42
         ],
         [
            17,
            40
         ]
      ]
   }
}