{
   "1": {
      "time": 30,
      "optimal": true,
      "obj": 334.0,
      "solution": [
         [
            55,
            29,
            56,
            14
         ],
         [
            19,
            42,
            71,
            27
         ],
         [
            60,
            22,
            16
         ],
         [
            44,
            59,
            62,
            66
         ],
         [
            6,
            10,
            58,
            13
         ],
         [
            40,
            69,
            57
         ],
         [
            46,
            67
         ],
         [
            51,
            17,
            47,
            24,
            53
         ],
         [
            1,
            21
         ],
         [
            32,
            3,
            5,
            52,
            4
         ],
         [
            9,
            30,
            15,
            35
         ],
         [
            68,
            63,
            48
         ],
         [
            54,
            34,
            37,
            28
         ],
         [
            45
         ],
         [
            25,
            2,
            39,
            38
         ],
         [
            70,
            31,
            65,
            33,
            18
         ],
         [
            64,
            50
         ],
         [
            12,
            26,
            61,
            36,
            20
         ],
         [
            7,
            11,
            43,
            49,
            41
         ],
         [
            23,
            8
         ]
      ]
   },
   "2": {
      "time": 187,
      "optimal": true,
      "obj": 334.0,
      "solution": [
         [
            21,
            13,
            58
         ],
         [
            2,
            65,
            31,
            60
         ],
         [
            29,
            8,
            17,
            59,
            14
         ],
         [
            18,
            71,
            36
         ],
         [
            32,
            38,
            25,
            35
         ],
         [
            20,
            22,
            67
         ],
         [
            1,
            64,
            12,
            49
         ],
         [
            15,
            24
         ],
         [
            37,
            5,
            66
         ],
         [
            68,
            23,
            30
         ],
         [
            55,
            63,
            57,
            28,
            53
         ],
         [
            9,
            6,
            39
         ],
         [
            45,
            41,
            48
         ],
         [
            46,
            69,
            7
         ],
         [
            51,
            56,
            16,
            44
         ],
         [
            4,
            10,
            54,
            62
         ],
         [
            42,
            19,
            11,
            33,
            70
         ],
         [
            40,
            34,
            50,
            61
         ],
         [
            47,
            26,
            43
         ],
         [
            52,
            27,
            3
         ]
      ]
   },
   "3": {
      "time": 300,
      "optimal": false,
      "obj": "Inf",
      "solution": []
   },
   "4": {
      "time": 300,
      "optimal": false,
      "obj": "Inf",
      "solution": []
   },
   "5": {
      "time": 300,
      "optimal": false,
      "obj": 718.0,
      "solution": [
         [
            39,
            31,
            32,
            54,
            36
         ],
         [
            56,
            29,
            53,
            2,
            49
         ],
         [
            14,
            22
         ],
         [
            18,
            19,
            60,
            64,
            5
         ],
         [
            38,
            4,
            8,
            10,
            67,
            37,
            27
         ],
         [
            21,
            25,
            55
         ],
         [
            3
         ],
         [
            16
         ],
         [
            57
         ],
         [
            62
         ],
         [
            59,
            34,
            24,
            7,
            58,
            70
         ],
         [
            63,
            61,
            30
         ],
         [
            46
         ],
         [
            51,
            52,
            26,
            66,
            71,
            13,
            11,
            44
         ],
         [
            12,
            50,
            28,
            35
         ],
         [
            17
         ],
         [
            68,
            6,
            48,
            47,
            45,
            15
         ],
         [
            69,
            41,
            42,
            43,
            33,
            65
         ],
         [
            23,
            1,
            20,
            9
         ],
         [
            40
         ]
      ]
   }
}