{
   "1": {
      "time": 0,
      "optimal": true,
      "obj": 226.0,
      "solution": [
         [
            6
         ],
         [
            8
         ],
         [
            1,
            4
         ],
         [
            9
         ],
         [
            2
         ],
         [
            3,
            7,
            5
         ]
      ]
   },
   "2": {
      "time": 0,
      "optimal": true,
      "obj": 226.0,
      "solution": [
         [
            2
         ],
         [
            4
         ],
         [
            5
         ],
         [
            1
         ],
         [
            8,
            6,
            9
         ],
         [
            7,
            3
         ]
      ]
   },
   "3": {
      "time": 0,
      "optimal": true,
      "obj": 226.0,
      "solution": [
         [
            8
         ],
         [
            5
         ],
         [
            6
         ],
         [
            9,
            7
         ],
         [
            1,
            4
         ],
         [
            3,
            2
         ]
      ]
   },
   "4": {
      "time": 0,
      "optimal": true,
      "obj": 226.0,
      "solution": [
         [
            8
         ],
         [
            1
         ],
         [
            4
         ],
         [
            5,
            3
         ],
         [
            6,
            9
         ],
         [
            7,
            2
         ]
      ]
   },
   "5": {
      "time": 0,
      "optimal": true,
      "obj": 226.0,
      "solution": [
         [
            1,
            4
         ],
         [
            6,
            8
         ],
         [
            5
         ],
         [
            2,
            7
         ],
         [
            9
         ],
         [
            3
         ]
      ]
   }
}