{
   "1": {
      "time": 0,
      "optimal": true,
      "obj": 12.0,
      "solution": [
         [
            5,
            4,
            2
         ],
         [
            3,
            7
         ],
         [
            1,
            6
         ]
      ]
   },
   "2": {
      "time": 0,
      "optimal": true,
      "obj": 12.0,
      "solution": [
         [
            5,
            4,
            2
         ],
         [
            3,
            7
         ],
         [
            6,
            1
         ]
      ]
   },
   "3": {
      "time": 0,
      "optimal": true,
      "obj": 12.0,
      "solution": [
         [
            5,
            4,
            2
         ],
         [
            3,
            7
         ],
         [
            1,
            6
         ]
      ]
   },
   "4": {
      "time": 0,
      "optimal": true,
      "obj": 12.0,
      "solution": [
         [
            5,
            4,
            2
         ],
         [
            3,
            7
         ],
         [
            6,
            1
         ]
      ]
   },
   "5": {
      "time": 0,
      "optimal": true,
      "obj": 12.0,
      "solution": [
         [
            3,
            6,
            5
         ],
         [
            2,
            4
         ],
         [
            1,
            7
         ]
      ]
   }
}