{
   "1": {
      "time": 0,
      "optimal": true,
      "obj": 220.0,
      "solution": [
         [
            10,
            7
         ],
         [
            8,
            9
         ],
         [
            6
         ],
         [
            5
         ],
         [
            4
         ],
         [
            3
         ],
         [
            2
         ],
         [
            1
         ]
      ]
   },
   "2": {
      "time": 0,
      "optimal": true,
      "obj": 220.0,
      "solution": [
         [
            10,
            7
         ],
         [
            8,
            9
         ],
         [
            6
         ],
         [
            5
         ],
         [
            4
         ],
         [
            3
         ],
         [
            2
         ],
         [
            1
         ]
      ]
   },
   "3": {
      "time": 0,
      "optimal": true,
      "obj": 220.0,
      "solution": [
         [
            2
         ],
         [
            5
         ],
         [
            10
         ],
         [
            1
         ],
         [
            4
         ],
         [
            7
         ],
         [
            6,
            3
         ],
         [
            9,
            8
         ]
      ]
   },
   "4": {
      "time": 0,
      "optimal": true,
      "obj": 220.0,
      "solution": [
         [
            9
         ],
         [
            2
         ],
         [
            5
         ],
         [
            10
         ],
         [
            7
         ],
         [
            3,
            6
         ],
         [
            4,
            1
         ],
         [
            8
         ]
      ]
   },
   "5": {
      "time": 0,
      "optimal": true,
      "obj": 220.0,
      "solution": [
         [
            2,
            10
         ],
         [
            9
         ],
         [
            8
         ],
         [
            7
         ],
         [
            1
         ],
         [
            5
         ],
         [
            4
         ],
         [
            6,
            3
         ]
      ]
   }
}