{
   "1": {
      "time": 0,
      "optimal": true,
      "obj": 206.0,
      "solution": [
         [
            2
         ],
         [
            1,
            3
         ]
      ]
   },
   "2": {
      "time": 0,
      "optimal": true,
      "obj": 206.0,
      "solution": [
         [
            2
         ],
         [
            1,
            3
         ]
      ]
   },
   "3": {
      "time": 0,
      "optimal": true,
      "obj": 206.0,
      "solution": [
         [
            2
         ],
         [
            1,
            3
         ]
      ]
   },
   "4": {
      "time": 0,
      "optimal": true,
      "obj": 206.0,
      "solution": [
         [
            2
         ],
         [
            1,
            3
         ]
      ]
   },
   "5": {
      "time": 0,
      "optimal": true,
      "obj": 206.0,
      "solution": [
         [
            2
         ],
         [
            1,
            3
         ]
      ]
   }
}