{
   "1": {
      "time": 0,
      "optimal": true,
      "obj": 322.0,
      "solution": [
         [
            8
         ],
         [
            7
         ],
         [
            6
         ],
         [
            5
         ],
         [
            4
         ],
         [
            3,
            1,
            2
         ]
      ]
   },
   "2": {
      "time": 0,
      "optimal": true,
      "obj": 322.0,
      "solution": [
         [
            8
         ],
         [
            7
         ],
         [
            6
         ],
         [
            5
         ],
         [
            4
         ],
         [
            3,
            1,
            2
         ]
      ]
   },
   "3": {
      "time": 0,
      "optimal": true,
      "obj": 322.0,
      "solution": [
         [
            6
         ],
         [
            3
         ],
         [
            7
         ],
         [
            2
         ],
         [
            5
         ],
         [
            1,
            8,
            4
         ]
      ]
   },
   "4": {
      "time": 0,
      "optimal": true,
      "obj": 322.0,
      "solution": [
         [
            3
         ],
         [
            7
         ],
         [
            1
         ],
         [
            4,
            6
         ],
         [
            5,
            2
         ],
         [
            8
         ]
      ]
   },
   "5": {
      "time": 0,
      "optimal": true,
      "obj": 322.0,
      "solution": [
         [
            8
         ],
         [
            6,
            3
         ],
         [
            1,
            4
         ],
         [
            7
         ],
         [
            5
         ],
         [
            2
         ]
      ]
   }
}