{
   "1": {
      "time": 0,
      "optimal": true,
      "obj": 167.0,
      "solution": [
         [
            1,
            4,
            12,
            13
         ],
         [
            15,
            14,
            7
         ],
         [
            3,
            17
         ],
         [
            2,
            9
         ],
         [
            11,
            5
         ],
         [
            10,
            16,
            6,
            8
         ]
      ]
   },
   "2": {
      "time": 0,
      "optimal": true,
      "obj": 167.0,
      "solution": [
         [
            15,
            12,
            13,
            1,
            8
         ],
         [
            10,
            16,
            6
         ],
         [
            5
         ],
         [
            11,
            14,
            7,
            3
         ],
         [
            2,
            9
         ],
         [
            17,
            4
         ]
      ]
   },
   "3": {
      "time": 9,
      "optimal": true,
      "obj": 167.0,
      "solution": [
         [
            11,
            14,
            7
         ],
         [
            1,
            3,
            8,
            17
         ],
         [
            6,
            16,
            10
         ],
         [
            4,
            15
         ],
         [
            5,
            12,
            13
         ],
         [
            2,
            9
         ]
      ]
   },
   "4": {
      "time": 4,
      "optimal": true,
      "obj": 167.0,
      "solution": [
         [
            7,
            13,
            15
         ],
         [
            1,
            3,
            8,
            6
         ],
         [
            11,
            12,
            5
         ],
         [
            16,
            14,
            10
         ],
         [
            17,
            2
         ],
         [
            4,
            9
         ]
      ]
   },
   "5": {
      "time": 1,
      "optimal": true,
      "obj": 167.0,
      "solution": [
         [
            13,
            3,
            7
         ],
         [
            14,
            16,
            8,
            6,
            15
         ],
         [
            11,
            5,
            9
         ],
         [
            4,
            12
         ],
         [
            1,
            10
         ],
         [
            17,
            2
         ]
      ]
   }
}