{
    "gecode": {
        "time": 227,
        "sol": [
            [1],
            [3],
            [4],
            [5],
            [6, 10],
            [7, 2],
            [8],
            [9]
        ],
        "obj": 186,
        "optimal": true
    },
    "chuffed": {
        "time": 71,
        "sol": [
            [1],
            [2],
            [4],
            [5, 3, 10],
            [6],
            [7],
            [8],
            [9]
        ],
        "obj": 186,
        "optimal": true
    }
}
